x,y
-6.61,-5.31
-6.56,-5.31
-6.51,-5.31
-6.46,-5.31
-6.41,-5.31
-6.31,-5.31
-6.26,-5.31
-6.21,-5.31
-6.16,-5.31
-6.11,-5.31
-6.06,-5.31
-6.01,-5.31
-5.96,-5.31
-5.91,-5.31
-5.86,-5.31
-5.81,-5.31
-5.76,-5.31
-5.71,-5.31
-5.66,-5.31
-5.61,-5.31
-5.56,-5.31
-5.51,-5.31
-5.46,-5.31
-5.41,-5.31
-5.36,-5.31
-5.31,-5.31
-5.26,-5.31
-5.21,-5.31
-5.16,-5.31
-5.11,-5.31
-5.06,-5.31
-5.01,-5.31
-4.96,-5.31
-4.91,-5.31
-4.86,-5.31
-4.81,-5.31
-4.76,-5.31
-4.71,-5.31
-4.66,-5.31
-4.61,-5.31
-4.56,-5.31
-4.51,-5.31
-4.46,-5.31
-4.41,-5.31
-4.36,-5.31
-4.31,-5.31
-4.26,-5.31
-4.21,-5.31
-4.16,-5.31
-4.11,-5.31
-4.06,-5.31
-4.01,-5.31
-3.96,-5.31
-3.91,-5.31
-3.86,-5.31
-3.81,-5.31
-3.76,-5.31
-3.71,-5.31
-3.66,-5.31
-3.61,-5.31
-3.56,-5.31
-3.51,-5.31
-3.46,-5.31
-3.41,-5.31
-3.36,-5.31
-3.31,-5.31
-3.26,-5.31
-3.21,-5.31
-3.16,-5.31
-3.11,-5.31
-3.06,-5.31
-3.01,-5.31
-2.96,-5.31
-2.91,-5.31
-2.86,-5.31
-2.81,-5.31
-2.76,-5.31
-2.71,-5.31
-2.66,-5.31
-2.61,-5.31
-2.56,-5.31
-2.51,-5.31
-2.46,-5.31
-2.41,-5.31
-2.36,-5.31
-2.31,-5.31
-2.26,-5.31
-2.21,-5.31
-2.16,-5.31
-2.11,-5.31
-2.06,-5.31
-2.01,-5.31
-1.96,-5.31
-1.91,-5.31
-1.86,-5.31
-1.81,-5.31
-1.76,-5.31
-1.71,-5.31
-1.66,-5.31
-1.61,-5.31
-1.56,-5.31
-1.51,-5.31
-1.46,-5.31
-1.41,-5.31
-1.36,-5.31
-1.31,-5.31
-1.26,-5.31
-1.21,-5.31
-1.16,-5.31
-1.11,-5.31
-1.06,-5.31
-1.01,-5.31
-0.96,-5.31
-0.91,-5.31
-0.86,-5.31
-0.81,-5.31
-0.76,-5.31
-0.71,-5.31
-0.66,-5.31
-0.61,-5.31
-0.56,-5.31
-0.51,-5.31
-0.46,-5.31
-0.41,-5.31
-0.36,-5.31
-0.31,-5.31
-0.26,-5.31
-0.21,-5.31
-0.16,-5.31
-0.11,-5.31
-0.0599999,-5.31
-0.0099999,-5.31
0.0400001,-5.31
0.0900001,-5.31
0.14,-5.31
0.24,-5.31
3.74,-5.31
-6.66,-5.26
-6.61,-5.26
-6.56,-5.26
-6.51,-5.26
-6.41,-5.26
-6.36,-5.26
-6.31,-5.26
-6.26,-5.26
-6.21,-5.26
-6.16,-5.26
-6.11,-5.26
-6.06,-5.26
-6.01,-5.26
-5.96,-5.26
-5.91,-5.26
-5.86,-5.26
-5.81,-5.26
-5.76,-5.26
-5.71,-5.26
-5.66,-5.26
-5.61,-5.26
-5.41,-5.26
-5.36,-5.26
-5.31,-5.26
-5.26,-5.26
-5.21,-5.26
-5.16,-5.26
-5.11,-5.26
-5.06,-5.26
-4.96,-5.26
-4.91,-5.26
-4.86,-5.26
-4.81,-5.26
-4.76,-5.26
-4.71,-5.26
-4.66,-5.26
-4.61,-5.26
-4.56,-5.26
-4.46,-5.26
-4.41,-5.26
-4.36,-5.26
-4.31,-5.26
-4.16,-5.26
-4.11,-5.26
-4.06,-5.26
-4.01,-5.26
-3.86,-5.26
-3.81,-5.26
-3.71,-5.26
-3.66,-5.26
-3.61,-5.26
-3.56,-5.26
-3.51,-5.26
-3.41,-5.26
-3.36,-5.26
-3.31,-5.26
-3.26,-5.26
-3.16,-5.26
-3.11,-5.26
-3.01,-5.26
-2.91,-5.26
-0.71,-5.26
-0.41,-5.26
-0.31,-5.26
-0.26,-5.26
-0.21,-5.26
-0.16,-5.26
-0.11,-5.26
-0.0599999,-5.26
-0.0099999,-5.26
0.0400001,-5.26
0.0900001,-5.26
0.14,-5.26
0.19,-5.26
0.24,-5.26
0.29,-5.26
0.44,-5.26
0.49,-5.26
0.54,-5.26
0.59,-5.26
0.64,-5.26
0.69,-5.26
0.74,-5.26
0.79,-5.26
0.84,-5.26
0.89,-5.26
0.94,-5.26
0.99,-5.26
1.04,-5.26
1.09,-5.26
1.14,-5.26
1.19,-5.26
1.24,-5.26
1.29,-5.26
1.34,-5.26
1.39,-5.26
1.44,-5.26
1.49,-5.26
1.54,-5.26
1.59,-5.26
1.64,-5.26
1.69,-5.26
1.74,-5.26
1.79,-5.26
1.84,-5.26
1.89,-5.26
1.94,-5.26
1.99,-5.26
2.04,-5.26
2.09,-5.26
2.14,-5.26
2.19,-5.26
2.24,-5.26
2.29,-5.26
2.34,-5.26
2.39,-5.26
2.44,-5.26
2.49,-5.26
2.54,-5.26
2.59,-5.26
2.64,-5.26
2.69,-5.26
2.74,-5.26
2.79,-5.26
2.84,-5.26
2.89,-5.26
2.94,-5.26
3.04,-5.26
3.19,-5.26
3.29,-5.26
3.34,-5.26
3.44,-5.26
3.74,-5.26
-6.61,-5.21
0.29,-5.21
0.44,-5.21
0.49,-5.21
0.54,-5.21
0.59,-5.21
0.64,-5.21
0.69,-5.21
0.74,-5.21
0.84,-5.21
0.89,-5.21
0.94,-5.21
0.99,-5.21
1.04,-5.21
1.09,-5.21
1.14,-5.21
1.19,-5.21
1.29,-5.21
1.34,-5.21
1.39,-5.21
1.44,-5.21
1.49,-5.21
1.54,-5.21
1.59,-5.21
1.64,-5.21
1.69,-5.21
1.74,-5.21
1.79,-5.21
1.84,-5.21
1.89,-5.21
1.94,-5.21
1.99,-5.21
2.04,-5.21
2.09,-5.21
2.14,-5.21
2.19,-5.21
2.24,-5.21
2.29,-5.21
2.34,-5.21
2.39,-5.21
2.44,-5.21
2.49,-5.21
2.54,-5.21
2.59,-5.21
2.64,-5.21
2.69,-5.21
2.74,-5.21
2.79,-5.21
2.84,-5.21
2.89,-5.21
2.94,-5.21
2.99,-5.21
3.04,-5.21
3.09,-5.21
3.14,-5.21
3.19,-5.21
3.24,-5.21
3.29,-5.21
3.34,-5.21
3.39,-5.21
3.44,-5.21
3.49,-5.21
3.54,-5.21
3.59,-5.21
3.64,-5.21
3.69,-5.21
3.74,-5.21
-6.66,-5.16
-6.61,-5.16
0.29,-5.16
0.44,-5.16
3.74,-5.16
-6.66,-5.11
-6.61,-5.11
0.24,-5.11
0.29,-5.11
0.44,-5.11
-6.66,-5.06
-6.61,-5.06
0.24,-5.06
0.29,-5.06
0.44,-5.06
-6.66,-5.01
-6.61,-5.01
0.24,-5.01
0.29,-5.01
0.44,-5.01
-6.66,-4.96
-6.61,-4.96
0.29,-4.96
0.44,-4.96
-6.66,-4.91
-6.61,-4.91
0.29,-4.91
0.44,-4.91
-6.66,-4.86
-6.61,-4.86
0.24,-4.86
0.29,-4.86
0.44,-4.86
-6.66,-4.81
-6.61,-4.81
0.24,-4.81
0.29,-4.81
0.44,-4.81
-6.66,-4.76
0.24,-4.76
0.29,-4.76
0.44,-4.76
-6.66,-4.71
-6.61,-4.71
0.24,-4.71
0.29,-4.71
0.44,-4.71
-6.66,-4.66
-6.61,-4.66
-2.86,-4.66
-2.81,-4.66
-2.76,-4.66
-2.71,-4.66
0.24,-4.66
0.29,-4.66
0.44,-4.66
-6.66,-4.61
-6.61,-4.61
-2.91,-4.61
-2.86,-4.61
-2.81,-4.61
-2.76,-4.61
-2.71,-4.61
0.24,-4.61
0.29,-4.61
0.44,-4.61
-6.66,-4.56
-6.61,-4.56
-2.86,-4.56
-2.76,-4.56
-2.71,-4.56
0.29,-4.56
0.44,-4.56
-6.66,-4.51
-6.61,-4.51
-2.91,-4.51
-2.86,-4.51
-2.76,-4.51
-2.71,-4.51
0.24,-4.51
0.29,-4.51
0.44,-4.51
-6.66,-4.46
-6.61,-4.46
-2.91,-4.46
-2.86,-4.46
-2.76,-4.46
-2.71,-4.46
0.24,-4.46
0.29,-4.46
0.44,-4.46
-6.66,-4.41
-6.61,-4.41
-2.91,-4.41
-2.86,-4.41
-2.76,-4.41
-2.71,-4.41
0.24,-4.41
0.29,-4.41
0.44,-4.41
-6.66,-4.36
-6.61,-4.36
-2.91,-4.36
-2.86,-4.36
-2.76,-4.36
-2.71,-4.36
0.29,-4.36
0.44,-4.36
4.54,-4.36
-6.66,-4.31
-6.61,-4.31
-2.91,-4.31
-2.86,-4.31
-2.76,-4.31
-2.71,-4.31
0.24,-4.31
0.29,-4.31
0.44,-4.31
4.54,-4.31
-6.66,-4.26
-6.61,-4.26
-2.91,-4.26
-2.86,-4.26
-2.76,-4.26
-2.71,-4.26
0.24,-4.26
0.29,-4.26
0.44,-4.26
-6.66,-4.21
-6.61,-4.21
-2.91,-4.21
-2.86,-4.21
-2.76,-4.21
-2.71,-4.21
0.24,-4.21
0.29,-4.21
0.39,-4.21
0.44,-4.21
2.94,-4.21
2.99,-4.21
3.04,-4.21
3.09,-4.21
4.54,-4.21
-6.66,-4.16
-6.61,-4.16
-2.86,-4.16
-2.76,-4.16
-2.71,-4.16
0.24,-4.16
0.29,-4.16
0.39,-4.16
0.44,-4.16
2.94,-4.16
2.99,-4.16
3.04,-4.16
3.09,-4.16
3.14,-4.16
4.54,-4.16
-6.66,-4.11
-6.61,-4.11
-2.91,-4.11
-2.86,-4.11
-2.76,-4.11
-2.71,-4.11
0.24,-4.11
0.29,-4.11
0.39,-4.11
0.44,-4.11
2.94,-4.11
2.99,-4.11
3.09,-4.11
-6.66,-4.06
-6.61,-4.06
-2.91,-4.06
-2.86,-4.06
-2.76,-4.06
-2.71,-4.06
0.24,-4.06
0.29,-4.06
0.39,-4.06
0.44,-4.06
2.94,-4.06
3.09,-4.06
4.54,-4.06
-6.66,-4.01
-6.61,-4.01
-2.91,-4.01
-2.86,-4.01
-2.76,-4.01
-2.71,-4.01
0.24,-4.01
0.29,-4.01
0.44,-4.01
2.94,-4.01
3.09,-4.01
4.54,-4.01
-6.66,-3.96
-6.61,-3.96
-2.91,-3.96
-2.86,-3.96
-2.76,-3.96
0.24,-3.96
0.29,-3.96
0.39,-3.96
0.44,-3.96
2.94,-3.96
2.99,-3.96
3.09,-3.96
4.54,-3.96
-6.66,-3.91
-6.61,-3.91
-2.91,-3.91
-2.86,-3.91
-2.76,-3.91
-2.71,-3.91
0.24,-3.91
0.29,-3.91
0.44,-3.91
2.94,-3.91
2.99,-3.91
3.09,-3.91
4.54,-3.91
-6.66,-3.86
-6.61,-3.86
-2.91,-3.86
-2.86,-3.86
-2.76,-3.86
0.24,-3.86
0.29,-3.86
0.44,-3.86
2.94,-3.86
3.09,-3.86
4.54,-3.86
-6.66,-3.81
-6.61,-3.81
-2.91,-3.81
-2.86,-3.81
-2.76,-3.81
0.24,-3.81
0.29,-3.81
0.39,-3.81
0.44,-3.81
2.94,-3.81
3.09,-3.81
4.54,-3.81
-6.66,-3.76
-6.61,-3.76
-2.91,-3.76
-2.86,-3.76
-2.76,-3.76
0.24,-3.76
0.29,-3.76
0.44,-3.76
2.94,-3.76
2.99,-3.76
3.09,-3.76
4.54,-3.76
-6.66,-3.71
-6.61,-3.71
-2.91,-3.71
-2.86,-3.71
-2.76,-3.71
-2.71,-3.71
0.24,-3.71
0.29,-3.71
0.44,-3.71
2.94,-3.71
3.09,-3.71
4.54,-3.71
-6.66,-3.66
-6.61,-3.66
-2.86,-3.66
-2.76,-3.66
0.24,-3.66
0.29,-3.66
0.39,-3.66
0.44,-3.66
2.94,-3.66
3.09,-3.66
4.54,-3.66
-6.66,-3.61
-6.61,-3.61
-2.91,-3.61
-2.86,-3.61
-2.76,-3.61
0.24,-3.61
0.29,-3.61
0.39,-3.61
0.44,-3.61
2.94,-3.61
2.99,-3.61
3.09,-3.61
4.54,-3.61
-6.66,-3.56
-6.61,-3.56
-2.91,-3.56
-2.86,-3.56
-2.76,-3.56
0.24,-3.56
0.29,-3.56
0.39,-3.56
0.44,-3.56
2.94,-3.56
3.09,-3.56
4.54,-3.56
-6.66,-3.51
-6.61,-3.51
-2.91,-3.51
-2.86,-3.51
-2.76,-3.51
0.24,-3.51
0.29,-3.51
0.39,-3.51
0.44,-3.51
2.94,-3.51
3.09,-3.51
4.54,-3.51
-6.66,-3.46
-6.61,-3.46
-2.91,-3.46
-2.86,-3.46
-2.76,-3.46
0.24,-3.46
0.29,-3.46
0.39,-3.46
0.44,-3.46
2.94,-3.46
3.09,-3.46
4.54,-3.46
-6.66,-3.41
-6.61,-3.41
-2.91,-3.41
-2.86,-3.41
-2.76,-3.41
0.24,-3.41
0.44,-3.41
2.94,-3.41
3.09,-3.41
4.54,-3.41
-6.66,-3.36
-6.61,-3.36
-2.91,-3.36
-2.86,-3.36
-2.76,-3.36
-2.71,-3.36
0.24,-3.36
0.29,-3.36
0.39,-3.36
0.44,-3.36
2.94,-3.36
3.09,-3.36
4.54,-3.36
-6.66,-3.31
-6.61,-3.31
-2.91,-3.31
-2.86,-3.31
-2.76,-3.31
0.24,-3.31
0.39,-3.31
0.44,-3.31
2.94,-3.31
3.09,-3.31
4.54,-3.31
-6.66,-3.26
-6.61,-3.26
-2.91,-3.26
-2.86,-3.26
-2.76,-3.26
0.24,-3.26
0.29,-3.26
0.39,-3.26
0.44,-3.26
2.94,-3.26
3.09,-3.26
4.54,-3.26
-6.66,-3.21
-6.61,-3.21
-2.86,-3.21
-2.76,-3.21
0.24,-3.21
0.39,-3.21
0.44,-3.21
2.94,-3.21
3.09,-3.21
4.54,-3.21
-6.66,-3.16
-6.61,-3.16
-2.91,-3.16
-2.86,-3.16
-2.76,-3.16
0.29,-3.16
0.34,-3.16
0.39,-3.16
0.44,-3.16
2.94,-3.16
3.09,-3.16
4.54,-3.16
-6.66,-3.11
-6.61,-3.11
-2.91,-3.11
-2.86,-3.11
-2.76,-3.11
2.94,-3.11
3.09,-3.11
4.54,-3.11
-6.66,-3.06
-6.61,-3.06
-2.91,-3.06
-2.86,-3.06
-2.76,-3.06
2.94,-3.06
3.09,-3.06
4.54,-3.06
-6.61,-3.01
-2.91,-3.01
-2.86,-3.01
-2.76,-3.01
2.94,-3.01
2.99,-3.01
3.09,-3.01
4.54,-3.01
-6.66,-2.96
-6.61,-2.96
-2.91,-2.96
-2.86,-2.96
-2.76,-2.96
2.94,-2.96
2.99,-2.96
3.09,-2.96
4.54,-2.96
-6.66,-2.91
-6.61,-2.91
-2.91,-2.91
-2.86,-2.91
-2.76,-2.91
2.94,-2.91
2.99,-2.91
3.09,-2.91
4.54,-2.91
-6.66,-2.86
-6.61,-2.86
-2.91,-2.86
-2.86,-2.86
-2.76,-2.86
2.94,-2.86
2.99,-2.86
3.09,-2.86
4.54,-2.86
-6.66,-2.81
-6.61,-2.81
-2.91,-2.81
-2.86,-2.81
-2.76,-2.81
2.94,-2.81
3.09,-2.81
4.54,-2.81
-6.66,-2.76
-6.61,-2.76
-2.91,-2.76
-2.86,-2.76
-2.76,-2.76
2.94,-2.76
3.09,-2.76
4.54,-2.76
-6.66,-2.71
-6.61,-2.71
-2.91,-2.71
-2.86,-2.71
-2.76,-2.71
2.94,-2.71
3.09,-2.71
4.54,-2.71
-6.66,-2.66
-6.61,-2.66
-2.91,-2.66
-2.86,-2.66
-2.76,-2.66
2.94,-2.66
2.99,-2.66
3.09,-2.66
4.54,-2.66
-6.66,-2.61
-6.61,-2.61
-2.91,-2.61
-2.86,-2.61
-2.76,-2.61
2.94,-2.61
3.09,-2.61
4.54,-2.61
-6.66,-2.56
-6.61,-2.56
-2.91,-2.56
-2.86,-2.56
-2.76,-2.56
2.94,-2.56
3.09,-2.56
4.54,-2.56
-6.66,-2.51
-6.61,-2.51
-2.91,-2.51
-2.86,-2.51
-2.76,-2.51
2.94,-2.51
3.09,-2.51
4.54,-2.51
-6.66,-2.46
-6.61,-2.46
-2.91,-2.46
-2.86,-2.46
-2.76,-2.46
2.94,-2.46
3.09,-2.46
4.54,-2.46
-6.66,-2.41
-6.61,-2.41
-2.91,-2.41
-2.86,-2.41
-2.76,-2.41
2.94,-2.41
2.99,-2.41
3.09,-2.41
4.54,-2.41
-6.66,-2.36
-6.61,-2.36
-2.86,-2.36
-2.76,-2.36
2.94,-2.36
3.09,-2.36
4.54,-2.36
-6.66,-2.31
-6.61,-2.31
-2.91,-2.31
-2.86,-2.31
-2.76,-2.31
2.94,-2.31
3.09,-2.31
4.54,-2.31
-6.66,-2.26
-6.61,-2.26
-2.91,-2.26
-2.86,-2.26
-2.76,-2.26
2.94,-2.26
3.09,-2.26
4.54,-2.26
-6.61,-2.21
-2.86,-2.21
-2.76,-2.21
2.94,-2.21
2.99,-2.21
3.09,-2.21
4.54,-2.21
-6.66,-2.16
-6.61,-2.16
-2.91,-2.16
-2.86,-2.16
-2.76,-2.16
2.94,-2.16
2.99,-2.16
3.09,-2.16
4.54,-2.16
-6.66,-2.11
-6.61,-2.11
-2.91,-2.11
-2.86,-2.11
-2.76,-2.11
2.94,-2.11
3.09,-2.11
4.54,-2.11
-6.66,-2.06
-6.61,-2.06
-2.91,-2.06
-2.86,-2.06
-2.76,-2.06
2.94,-2.06
3.09,-2.06
4.54,-2.06
-6.66,-2.01
-6.61,-2.01
-2.91,-2.01
-2.86,-2.01
-2.76,-2.01
-2.71,-2.01
-2.66,-2.01
-2.61,-2.01
-2.56,-2.01
-2.51,-2.01
-2.46,-2.01
-2.41,-2.01
-2.36,-2.01
-2.31,-2.01
-2.26,-2.01
-2.21,-2.01
-2.16,-2.01
-2.11,-2.01
-2.06,-2.01
-2.01,-2.01
-1.96,-2.01
-1.91,-2.01
-1.86,-2.01
-1.81,-2.01
-1.76,-2.01
-1.71,-2.01
-1.66,-2.01
-1.61,-2.01
-1.56,-2.01
-1.51,-2.01
-1.46,-2.01
-1.36,-2.01
-1.06,-2.01
2.94,-2.01
3.09,-2.01
4.54,-2.01
-6.66,-1.96
-6.61,-1.96
-3.96,-1.96
-3.91,-1.96
-3.86,-1.96
-3.81,-1.96
-3.76,-1.96
-3.71,-1.96
-3.66,-1.96
-3.61,-1.96
-3.56,-1.96
-3.51,-1.96
-3.46,-1.96
-3.41,-1.96
-3.36,-1.96
-3.31,-1.96
-3.26,-1.96
-3.21,-1.96
-3.16,-1.96
-3.11,-1.96
-3.06,-1.96
-3.01,-1.96
-2.96,-1.96
-2.91,-1.96
-2.86,-1.96
-2.66,-1.96
-2.61,-1.96
-2.51,-1.96
-2.46,-1.96
-2.41,-1.96
-2.36,-1.96
-2.31,-1.96
-2.26,-1.96
-2.21,-1.96
-2.16,-1.96
-2.11,-1.96
-2.01,-1.96
-1.96,-1.96
-1.91,-1.96
-1.86,-1.96
-1.81,-1.96
-1.76,-1.96
-1.71,-1.96
-1.66,-1.96
-1.61,-1.96
-1.56,-1.96
-1.51,-1.96
-1.46,-1.96
-1.41,-1.96
-1.36,-1.96
-1.31,-1.96
-1.26,-1.96
-1.21,-1.96
-1.16,-1.96
-1.11,-1.96
-1.06,-1.96
-1.01,-1.96
-0.96,-1.96
-0.91,-1.96
-0.86,-1.96
-0.81,-1.96
-0.76,-1.96
-0.71,-1.96
-0.66,-1.96
-0.61,-1.96
-0.56,-1.96
-0.51,-1.96
-0.46,-1.96
-0.41,-1.96
-0.36,-1.96
-0.31,-1.96
-0.26,-1.96
-0.21,-1.96
-0.16,-1.96
-0.11,-1.96
-0.0599999,-1.96
-0.0099999,-1.96
0.0400001,-1.96
0.0900001,-1.96
0.14,-1.96
0.19,-1.96
0.24,-1.96
0.29,-1.96
0.34,-1.96
0.39,-1.96
0.44,-1.96
0.49,-1.96
0.54,-1.96
0.59,-1.96
0.64,-1.96
0.69,-1.96
0.74,-1.96
0.79,-1.96
0.84,-1.96
0.94,-1.96
0.99,-1.96
2.94,-1.96
3.09,-1.96
4.54,-1.96
-6.66,-1.91
-6.61,-1.91
-3.96,-1.91
-1.41,-1.91
-1.36,-1.91
-1.21,-1.91
-1.11,-1.91
-1.06,-1.91
-1.01,-1.91
-0.91,-1.91
-0.86,-1.91
-0.81,-1.91
-0.76,-1.91
-0.71,-1.91
-0.66,-1.91
-0.61,-1.91
-0.56,-1.91
-0.51,-1.91
-0.46,-1.91
-0.41,-1.91
-0.36,-1.91
-0.31,-1.91
-0.26,-1.91
-0.21,-1.91
-0.16,-1.91
-0.11,-1.91
-0.0599999,-1.91
-0.0099999,-1.91
0.0400001,-1.91
0.0900001,-1.91
0.14,-1.91
0.19,-1.91
0.24,-1.91
0.29,-1.91
0.34,-1.91
0.39,-1.91
0.44,-1.91
0.49,-1.91
0.54,-1.91
0.59,-1.91
0.64,-1.91
0.69,-1.91
0.74,-1.91
0.79,-1.91
0.84,-1.91
0.89,-1.91
0.94,-1.91
0.99,-1.91
1.04,-1.91
1.09,-1.91
1.14,-1.91
1.19,-1.91
1.24,-1.91
1.29,-1.91
1.34,-1.91
1.39,-1.91
1.44,-1.91
1.49,-1.91
1.54,-1.91
2.94,-1.91
3.09,-1.91
4.54,-1.91
-6.66,-1.86
-6.61,-1.86
-3.96,-1.86
1.49,-1.86
1.54,-1.86
2.94,-1.86
3.09,-1.86
4.54,-1.86
-6.66,-1.81
-6.61,-1.81
-3.96,-1.81
-3.91,-1.81
-3.86,-1.81
-3.81,-1.81
-3.76,-1.81
-3.71,-1.81
-3.66,-1.81
-3.61,-1.81
-3.56,-1.81
-3.51,-1.81
-3.46,-1.81
-3.41,-1.81
-3.36,-1.81
-3.31,-1.81
-3.26,-1.81
-3.21,-1.81
-3.16,-1.81
-3.11,-1.81
-3.06,-1.81
-3.01,-1.81
-2.96,-1.81
-2.91,-1.81
-2.86,-1.81
-2.76,-1.81
-2.71,-1.81
-2.66,-1.81
1.49,-1.81
1.54,-1.81
2.94,-1.81
3.09,-1.81
4.54,-1.81
-6.66,-1.76
-6.61,-1.76
-3.96,-1.76
-3.91,-1.76
-3.86,-1.76
-3.81,-1.76
-3.76,-1.76
-3.71,-1.76
-3.66,-1.76
-3.61,-1.76
-3.56,-1.76
-3.51,-1.76
-3.46,-1.76
-3.41,-1.76
-3.36,-1.76
-3.31,-1.76
-3.26,-1.76
-3.21,-1.76
-3.16,-1.76
-3.11,-1.76
-3.06,-1.76
-3.01,-1.76
-2.96,-1.76
-2.91,-1.76
-2.86,-1.76
-2.81,-1.76
-2.76,-1.76
-2.71,-1.76
-2.66,-1.76
-2.61,-1.76
-2.56,-1.76
-2.51,-1.76
-2.46,-1.76
-2.41,-1.76
-2.36,-1.76
-2.31,-1.76
-2.26,-1.76
-2.21,-1.76
-2.16,-1.76
-2.11,-1.76
-2.06,-1.76
-2.01,-1.76
-1.96,-1.76
-1.91,-1.76
-1.86,-1.76
-1.81,-1.76
-1.76,-1.76
-1.71,-1.76
-1.66,-1.76
-1.61,-1.76
-1.56,-1.76
-1.51,-1.76
-1.46,-1.76
-1.41,-1.76
-1.36,-1.76
-1.31,-1.76
-1.26,-1.76
-1.21,-1.76
-1.16,-1.76
-1.11,-1.76
-1.06,-1.76
-1.01,-1.76
-0.96,-1.76
-0.91,-1.76
-0.86,-1.76
-0.81,-1.76
-0.76,-1.76
-0.71,-1.76
-0.66,-1.76
-0.61,-1.76
-0.56,-1.76
-0.51,-1.76
-0.46,-1.76
-0.41,-1.76
-0.36,-1.76
-0.31,-1.76
-0.26,-1.76
-0.21,-1.76
-0.16,-1.76
-0.11,-1.76
-0.0599999,-1.76
-0.0099999,-1.76
0.0400001,-1.76
0.0900001,-1.76
0.14,-1.76
0.19,-1.76
0.24,-1.76
0.29,-1.76
0.34,-1.76
0.39,-1.76
0.44,-1.76
0.49,-1.76
0.54,-1.76
0.59,-1.76
0.64,-1.76
0.69,-1.76
0.74,-1.76
0.79,-1.76
0.84,-1.76
0.89,-1.76
0.94,-1.76
0.99,-1.76
1.04,-1.76
1.09,-1.76
1.14,-1.76
1.19,-1.76
1.24,-1.76
1.29,-1.76
1.34,-1.76
1.39,-1.76
1.44,-1.76
1.49,-1.76
1.54,-1.76
2.94,-1.76
3.09,-1.76
4.54,-1.76
-6.66,-1.71
-6.61,-1.71
2.94,-1.71
3.04,-1.71
3.09,-1.71
4.54,-1.71
-6.66,-1.66
-6.61,-1.66
2.94,-1.66
3.04,-1.66
3.09,-1.66
4.54,-1.66
-6.66,-1.61
-6.61,-1.61
2.94,-1.61
3.09,-1.61
4.54,-1.61
-6.66,-1.56
-6.61,-1.56
2.94,-1.56
2.99,-1.56
3.09,-1.56
4.54,-1.56
-6.66,-1.51
-6.61,-1.51
2.94,-1.51
3.09,-1.51
4.54,-1.51
-6.66,-1.46
-6.61,-1.46
2.94,-1.46
3.09,-1.46
4.54,-1.46
-6.66,-1.41
-6.61,-1.41
2.94,-1.41
3.09,-1.41
4.54,-1.41
-6.66,-1.36
-6.61,-1.36
2.94,-1.36
2.99,-1.36
3.09,-1.36
4.54,-1.36
-6.66,-1.31
-6.61,-1.31
2.94,-1.31
3.04,-1.31
3.09,-1.31
4.54,-1.31
-6.66,-1.26
-6.61,-1.26
2.94,-1.26
3.09,-1.26
4.54,-1.26
-6.66,-1.21
-6.61,-1.21
2.94,-1.21
3.04,-1.21
3.09,-1.21
4.54,-1.21
-6.66,-1.16
-6.61,-1.16
2.94,-1.16
3.09,-1.16
4.54,-1.16
-6.61,-1.11
2.94,-1.11
3.04,-1.11
3.09,-1.11
4.54,-1.11
-6.66,-1.06
-6.61,-1.06
2.94,-1.06
3.04,-1.06
3.09,-1.06
4.54,-1.06
-6.66,-1.01
-6.61,-1.01
2.94,-1.01
3.09,-1.01
4.54,-1.01
-6.66,-0.96
-6.61,-0.96
2.94,-0.96
3.04,-0.96
3.09,-0.96
4.54,-0.96
-6.61,-0.91
2.94,-0.91
3.04,-0.91
3.09,-0.91
4.54,-0.91
-6.66,-0.86
-6.61,-0.86
2.94,-0.86
3.09,-0.86
4.54,-0.86
-6.66,-0.81
-6.61,-0.81
2.94,-0.81
3.04,-0.81
3.09,-0.81
4.54,-0.81
-6.66,-0.76
-6.61,-0.76
2.94,-0.76
3.04,-0.76
3.09,-0.76
4.54,-0.76
-6.66,-0.71
-6.61,-0.71
2.94,-0.71
3.04,-0.71
3.09,-0.71
4.54,-0.71
-6.66,-0.66
-6.61,-0.66
2.94,-0.66
3.04,-0.66
3.09,-0.66
4.54,-0.66
-6.66,-0.61
-6.61,-0.61
2.94,-0.61
3.04,-0.61
3.09,-0.61
4.54,-0.61
-6.66,-0.56
-6.61,-0.56
2.94,-0.56
3.04,-0.56
3.09,-0.56
4.54,-0.56
-6.66,-0.51
-6.61,-0.51
2.94,-0.51
3.04,-0.51
3.09,-0.51
4.54,-0.51
-6.66,-0.46
-6.61,-0.46
2.94,-0.46
3.04,-0.46
3.09,-0.46
4.54,-0.46
-6.66,-0.41
-6.61,-0.41
2.94,-0.41
3.04,-0.41
3.09,-0.41
4.54,-0.41
-6.66,-0.36
-6.61,-0.36
2.94,-0.36
3.04,-0.36
3.09,-0.36
4.54,-0.36
-6.66,-0.31
-6.61,-0.31
2.94,-0.31
3.04,-0.31
3.09,-0.31
4.54,-0.31
-6.66,-0.26
-6.61,-0.26
2.94,-0.26
3.04,-0.26
3.09,-0.26
4.54,-0.26
-6.66,-0.21
-6.61,-0.21
-5.26,-0.21
2.44,-0.21
2.59,-0.21
2.69,-0.21
2.74,-0.21
2.79,-0.21
2.84,-0.21
2.94,-0.21
3.04,-0.21
3.09,-0.21
4.54,-0.21
-6.66,-0.16
-6.61,-0.16
-5.26,-0.16
-5.21,-0.16
-5.16,-0.16
-5.11,-0.16
-5.06,-0.16
-5.01,-0.16
-4.96,-0.16
-4.91,-0.16
-4.86,-0.16
-4.81,-0.16
-4.76,-0.16
-4.71,-0.16
-4.66,-0.16
-4.61,-0.16
-4.56,-0.16
-4.51,-0.16
-4.46,-0.16
-4.41,-0.16
-4.36,-0.16
-4.31,-0.16
-4.26,-0.16
-4.21,-0.16
-4.16,-0.16
-4.11,-0.16
-4.06,-0.16
-4.01,-0.16
-3.96,-0.16
-3.91,-0.16
-3.86,-0.16
-3.81,-0.16
-3.76,-0.16
-3.71,-0.16
-3.66,-0.16
-3.61,-0.16
-3.56,-0.16
-3.51,-0.16
-3.46,-0.16
-3.41,-0.16
-3.36,-0.16
-3.31,-0.16
-3.26,-0.16
-3.21,-0.16
-3.06,-0.16
-2.96,-0.16
-2.91,-0.16
-2.86,-0.16
-2.81,-0.16
-2.76,-0.16
-2.71,-0.16
-2.56,-0.16
-2.51,-0.16
-2.41,-0.16
-2.36,-0.16
-2.31,-0.16
-2.26,-0.16
-2.11,-0.16
-2.06,-0.16
-2.01,-0.16
-1.96,-0.16
-1.91,-0.16
-1.86,-0.16
-1.81,-0.16
-1.76,-0.16
-1.71,-0.16
-1.66,-0.16
-1.61,-0.16
-1.56,-0.16
-1.51,-0.16
-1.46,-0.16
-1.41,-0.16
-1.36,-0.16
-1.31,-0.16
-1.26,-0.16
-1.21,-0.16
-1.16,-0.16
-1.11,-0.16
-1.06,-0.16
-1.01,-0.16
-0.96,-0.16
-0.91,-0.16
-0.86,-0.16
-0.81,-0.16
-0.76,-0.16
-0.71,-0.16
-0.66,-0.16
-0.61,-0.16
-0.56,-0.16
-0.51,-0.16
-0.46,-0.16
-0.41,-0.16
-0.36,-0.16
-0.31,-0.16
-0.26,-0.16
-0.21,-0.16
-0.16,-0.16
-0.11,-0.16
-0.0599999,-0.16
-0.0099999,-0.16
0.0400001,-0.16
0.0900001,-0.16
0.14,-0.16
0.19,-0.16
0.24,-0.16
0.29,-0.16
0.34,-0.16
0.39,-0.16
0.44,-0.16
0.49,-0.16
0.54,-0.16
0.59,-0.16
0.64,-0.16
0.69,-0.16
0.74,-0.16
0.79,-0.16
0.84,-0.16
0.89,-0.16
0.94,-0.16
0.99,-0.16
1.04,-0.16
1.09,-0.16
1.14,-0.16
1.19,-0.16
1.24,-0.16
1.29,-0.16
1.34,-0.16
1.39,-0.16
1.44,-0.16
1.49,-0.16
1.54,-0.16
1.59,-0.16
1.64,-0.16
1.69,-0.16
1.74,-0.16
1.79,-0.16
1.84,-0.16
1.89,-0.16
1.94,-0.16
1.99,-0.16
2.04,-0.16
2.09,-0.16
2.14,-0.16
2.19,-0.16
2.24,-0.16
2.29,-0.16
2.34,-0.16
2.39,-0.16
2.44,-0.16
2.49,-0.16
2.54,-0.16
2.59,-0.16
2.64,-0.16
2.69,-0.16
2.79,-0.16
2.84,-0.16
2.94,-0.16
3.04,-0.16
3.09,-0.16
4.54,-0.16
-6.66,-0.11
-6.61,-0.11
-5.26,-0.11
-5.21,-0.11
-5.16,-0.11
-5.11,-0.11
-5.06,-0.11
-5.01,-0.11
-4.96,-0.11
-4.91,-0.11
-4.86,-0.11
-4.81,-0.11
-4.76,-0.11
-4.71,-0.11
-4.66,-0.11
-4.61,-0.11
-4.56,-0.11
-4.51,-0.11
-4.46,-0.11
-4.41,-0.11
-4.36,-0.11
-4.31,-0.11
-4.26,-0.11
-4.21,-0.11
-4.16,-0.11
-4.11,-0.11
-4.06,-0.11
-4.01,-0.11
-3.96,-0.11
-3.91,-0.11
-3.86,-0.11
-3.81,-0.11
-3.76,-0.11
-3.71,-0.11
-3.66,-0.11
-3.61,-0.11
-3.56,-0.11
-3.51,-0.11
-3.46,-0.11
-3.41,-0.11
-3.36,-0.11
-3.31,-0.11
-3.26,-0.11
-3.21,-0.11
-3.16,-0.11
-3.11,-0.11
-3.06,-0.11
-3.01,-0.11
-2.96,-0.11
-2.91,-0.11
-2.86,-0.11
-2.81,-0.11
-2.76,-0.11
-2.71,-0.11
-2.66,-0.11
-2.61,-0.11
-2.56,-0.11
-2.51,-0.11
-2.46,-0.11
-2.41,-0.11
-2.36,-0.11
-2.31,-0.11
-2.26,-0.11
-2.21,-0.11
-2.16,-0.11
-2.11,-0.11
-2.06,-0.11
-2.01,-0.11
-1.96,-0.11
-1.91,-0.11
-1.86,-0.11
-1.81,-0.11
-1.76,-0.11
-1.71,-0.11
-1.66,-0.11
-1.61,-0.11
-1.56,-0.11
-1.51,-0.11
-1.46,-0.11
-1.41,-0.11
-1.36,-0.11
-1.31,-0.11
-1.26,-0.11
-1.21,-0.11
-1.16,-0.11
-1.11,-0.11
-1.06,-0.11
-1.01,-0.11
-0.96,-0.11
-0.91,-0.11
-0.86,-0.11
-0.81,-0.11
-0.76,-0.11
-0.71,-0.11
-0.66,-0.11
-0.61,-0.11
-0.56,-0.11
-0.51,-0.11
-0.46,-0.11
-0.41,-0.11
-0.36,-0.11
-0.31,-0.11
-0.26,-0.11
-0.21,-0.11
-0.16,-0.11
-0.11,-0.11
-0.0599999,-0.11
-0.0099999,-0.11
0.0400001,-0.11
0.0900001,-0.11
0.14,-0.11
0.19,-0.11
0.24,-0.11
0.29,-0.11
0.34,-0.11
0.39,-0.11
0.44,-0.11
0.49,-0.11
0.54,-0.11
0.59,-0.11
0.64,-0.11
0.69,-0.11
0.74,-0.11
0.79,-0.11
0.84,-0.11
0.89,-0.11
0.94,-0.11
0.99,-0.11
1.04,-0.11
1.09,-0.11
1.14,-0.11
1.19,-0.11
1.24,-0.11
1.29,-0.11
1.34,-0.11
1.39,-0.11
1.44,-0.11
1.49,-0.11
1.54,-0.11
1.59,-0.11
1.64,-0.11
1.69,-0.11
1.74,-0.11
1.79,-0.11
1.84,-0.11
1.89,-0.11
1.94,-0.11
1.99,-0.11
2.04,-0.11
2.09,-0.11
2.14,-0.11
2.19,-0.11
2.24,-0.11
2.29,-0.11
2.34,-0.11
2.39,-0.11
2.44,-0.11
2.49,-0.11
2.54,-0.11
2.59,-0.11
2.64,-0.11
2.69,-0.11
2.74,-0.11
2.79,-0.11
2.84,-0.11
2.89,-0.11
2.94,-0.11
3.04,-0.11
3.09,-0.11
4.54,-0.11
-6.66,-0.0599999
-6.61,-0.0599999
-5.26,-0.0599999
-5.21,-0.0599999
-5.16,-0.0599999
-4.96,-0.0599999
2.84,-0.0599999
3.04,-0.0599999
3.09,-0.0599999
4.54,-0.0599999
-6.66,-0.00999992
-6.61,-0.00999992
-5.26,-0.00999992
-5.21,-0.00999992
-5.16,-0.00999992
-5.11,-0.00999992
2.84,-0.00999992
3.04,-0.00999992
3.09,-0.00999992
4.54,-0.00999992
-6.66,0.0400001
-6.61,0.0400001
-5.26,0.0400001
-5.21,0.0400001
-5.16,0.0400001
2.84,0.0400001
3.04,0.0400001
4.54,0.0400001
-6.66,0.0900001
-6.61,0.0900001
-5.26,0.0900001
-5.21,0.0900001
-5.16,0.0900001
-5.11,0.0900001
2.84,0.0900001
3.04,0.0900001
4.54,0.0900001
-6.66,0.14
-6.61,0.14
-5.26,0.14
-5.21,0.14
-5.16,0.14
-5.11,0.14
2.84,0.14
3.04,0.14
4.54,0.14
-6.66,0.19
-6.61,0.19
-5.26,0.19
-5.21,0.19
-5.16,0.19
2.84,0.19
3.04,0.19
4.54,0.19
-6.66,0.24
-6.61,0.24
-5.26,0.24
-5.21,0.24
-5.16,0.24
2.84,0.24
3.04,0.24
4.54,0.24
-6.66,0.29
-6.61,0.29
-5.26,0.29
-5.21,0.29
-5.16,0.29
-5.11,0.29
2.84,0.29
3.04,0.29
4.54,0.29
-6.66,0.34
-6.61,0.34
-5.26,0.34
-5.21,0.34
-5.16,0.34
-5.11,0.34
2.84,0.34
3.04,0.34
4.54,0.34
-6.66,0.39
-6.61,0.39
-5.26,0.39
-5.16,0.39
2.84,0.39
3.04,0.39
4.54,0.39
-6.66,0.44
-6.61,0.44
-5.26,0.44
-5.21,0.44
-5.16,0.44
-5.11,0.44
2.84,0.44
3.04,0.44
4.54,0.44
-6.66,0.49
-6.61,0.49
-5.26,0.49
-5.16,0.49
-5.11,0.49
2.84,0.49
3.04,0.49
4.54,0.49
-6.66,0.54
-6.61,0.54
-5.26,0.54
-5.21,0.54
-5.16,0.54
-5.11,0.54
2.84,0.54
3.04,0.54
4.54,0.54
-6.66,0.59
-6.61,0.59
-5.26,0.59
-5.21,0.59
-5.16,0.59
-5.11,0.59
2.84,0.59
2.89,0.59
3.04,0.59
4.54,0.59
-6.66,0.64
-6.61,0.64
-5.26,0.64
-5.16,0.64
-5.11,0.64
2.84,0.64
3.04,0.64
4.54,0.64
-6.66,0.69
-6.61,0.69
-5.26,0.69
-5.21,0.69
-5.16,0.69
-5.11,0.69
2.84,0.69
2.89,0.69
3.04,0.69
4.49,0.69
4.54,0.69
-6.66,0.74
-6.61,0.74
-5.26,0.74
-5.21,0.74
-5.16,0.74
-5.11,0.74
2.84,0.74
2.89,0.74
3.04,0.74
4.49,0.74
4.54,0.74
-6.66,0.79
-6.61,0.79
-5.26,0.79
-5.21,0.79
-5.16,0.79
2.84,0.79
3.04,0.79
4.49,0.79
4.54,0.79
-6.66,0.84
-6.61,0.84
-5.26,0.84
-5.21,0.84
-5.16,0.84
-5.11,0.84
2.84,0.84
3.04,0.84
4.54,0.84
-6.66,0.89
-6.61,0.89
-5.26,0.89
-5.21,0.89
-5.16,0.89
-5.11,0.89
2.84,0.89
3.04,0.89
4.54,0.89
-6.66,0.94
-6.61,0.94
-5.26,0.94
-5.21,0.94
-5.16,0.94
-5.11,0.94
2.84,0.94
3.04,0.94
4.49,0.94
4.54,0.94
-6.66,0.99
-6.61,0.99
-5.26,0.99
-5.21,0.99
-5.16,0.99
-5.11,0.99
2.84,0.99
2.89,0.99
3.04,0.99
4.49,0.99
4.54,0.99
-6.66,1.04
-6.61,1.04
-5.26,1.04
-5.21,1.04
-5.16,1.04
-5.11,1.04
2.84,1.04
3.04,1.04
4.49,1.04
4.54,1.04
-6.66,1.09
-6.61,1.09
-5.26,1.09
-5.21,1.09
-5.16,1.09
-5.11,1.09
2.84,1.09
2.89,1.09
3.04,1.09
4.49,1.09
4.54,1.09
-6.66,1.14
-6.61,1.14
-5.26,1.14
-5.21,1.14
-5.16,1.14
-5.11,1.14
2.84,1.14
2.89,1.14
3.04,1.14
4.49,1.14
4.54,1.14
-6.66,1.19
-6.61,1.19
-5.26,1.19
-5.21,1.19
-5.16,1.19
-5.11,1.19
2.84,1.19
2.89,1.19
3.04,1.19
4.49,1.19
4.54,1.19
-6.66,1.24
-6.61,1.24
-5.26,1.24
-5.21,1.24
-5.16,1.24
-5.11,1.24
2.84,1.24
2.89,1.24
3.04,1.24
4.49,1.24
4.54,1.24
-6.66,1.29
-6.61,1.29
-5.26,1.29
-5.21,1.29
-5.16,1.29
-5.11,1.29
2.84,1.29
2.89,1.29
3.04,1.29
4.49,1.29
4.54,1.29
-6.66,1.34
-6.61,1.34
-5.26,1.34
-5.21,1.34
-5.16,1.34
-5.11,1.34
2.84,1.34
2.89,1.34
3.04,1.34
4.49,1.34
4.54,1.34
-6.66,1.39
-6.61,1.39
-5.26,1.39
-5.21,1.39
-5.16,1.39
-5.11,1.39
2.84,1.39
2.89,1.39
3.04,1.39
4.49,1.39
4.54,1.39
-6.66,1.44
-6.61,1.44
-5.26,1.44
-5.21,1.44
-5.16,1.44
-5.11,1.44
2.84,1.44
2.89,1.44
3.04,1.44
4.49,1.44
4.54,1.44
-6.66,1.49
-6.61,1.49
-5.26,1.49
-5.21,1.49
-5.16,1.49
-5.11,1.49
2.84,1.49
2.89,1.49
3.04,1.49
4.49,1.49
4.54,1.49
-6.66,1.54
-6.61,1.54
-5.26,1.54
-5.21,1.54
-5.16,1.54
-5.11,1.54
2.84,1.54
2.89,1.54
3.04,1.54
4.49,1.54
4.54,1.54
-6.66,1.59
-6.61,1.59
-5.26,1.59
-5.21,1.59
-5.16,1.59
-5.11,1.59
2.84,1.59
2.89,1.59
3.04,1.59
4.49,1.59
4.54,1.59
-6.66,1.64
-6.61,1.64
-5.26,1.64
-5.21,1.64
-5.16,1.64
-5.11,1.64
2.84,1.64
2.89,1.64
3.04,1.64
4.49,1.64
4.54,1.64
-6.66,1.69
-6.61,1.69
-5.26,1.69
-5.21,1.69
-5.16,1.69
-5.11,1.69
2.84,1.69
2.89,1.69
3.04,1.69
4.49,1.69
4.54,1.69
-6.66,1.74
-6.61,1.74
-5.26,1.74
-5.16,1.74
-5.11,1.74
2.84,1.74
2.89,1.74
3.04,1.74
4.49,1.74
4.54,1.74
-6.66,1.79
-6.61,1.79
-5.26,1.79
-5.21,1.79
-5.16,1.79
-5.11,1.79
2.84,1.79
2.89,1.79
3.04,1.79
4.49,1.79
4.54,1.79
-6.66,1.84
-6.61,1.84
-5.26,1.84
-5.21,1.84
-5.16,1.84
-5.11,1.84
2.84,1.84
2.89,1.84
3.04,1.84
4.49,1.84
4.54,1.84
-6.66,1.89
-6.61,1.89
-5.26,1.89
-5.16,1.89
-5.11,1.89
2.84,1.89
2.89,1.89
3.04,1.89
4.49,1.89
4.54,1.89
-6.66,1.94
-6.61,1.94
-5.26,1.94
-5.21,1.94
-5.16,1.94
-5.11,1.94
2.84,1.94
2.89,1.94
3.04,1.94
4.49,1.94
4.54,1.94
-6.66,1.99
-6.61,1.99
-5.26,1.99
-5.21,1.99
-5.16,1.99
-5.11,1.99
2.84,1.99
2.89,1.99
3.04,1.99
4.49,1.99
4.54,1.99
-6.66,2.04
-6.61,2.04
-5.26,2.04
-5.21,2.04
-5.16,2.04
-5.11,2.04
2.84,2.04
2.89,2.04
3.04,2.04
4.49,2.04
4.54,2.04
-6.66,2.09
-6.61,2.09
-5.26,2.09
-5.16,2.09
-5.11,2.09
2.84,2.09
2.89,2.09
3.04,2.09
4.49,2.09
4.54,2.09
-6.66,2.14
-6.61,2.14
-5.26,2.14
-5.21,2.14
-5.16,2.14
-5.11,2.14
2.84,2.14
2.89,2.14
3.04,2.14
4.49,2.14
4.54,2.14
-6.66,2.19
-6.61,2.19
-5.26,2.19
-5.16,2.19
-5.11,2.19
2.84,2.19
2.89,2.19
3.04,2.19
4.49,2.19
-6.66,2.24
-6.61,2.24
-5.26,2.24
-5.21,2.24
-5.16,2.24
-5.11,2.24
2.84,2.24
2.89,2.24
3.04,2.24
4.49,2.24
4.54,2.24
-6.66,2.29
-6.61,2.29
-5.26,2.29
-5.21,2.29
-5.16,2.29
-5.11,2.29
-2.46,2.29
-2.41,2.29
-2.36,2.29
-2.31,2.29
2.84,2.29
2.89,2.29
3.04,2.29
4.49,2.29
4.54,2.29
-6.66,2.34
-6.61,2.34
-5.26,2.34
-5.21,2.34
-5.16,2.34
-5.11,2.34
-2.51,2.34
-2.46,2.34
-2.41,2.34
-2.36,2.34
-2.31,2.34
2.84,2.34
2.89,2.34
3.04,2.34
4.49,2.34
4.54,2.34
-6.66,2.39
-6.61,2.39
-5.26,2.39
-5.16,2.39
-5.11,2.39
-2.46,2.39
-2.36,2.39
-2.31,2.39
2.84,2.39
2.89,2.39
3.04,2.39
4.49,2.39
-6.66,2.44
-6.61,2.44
-5.26,2.44
-5.21,2.44
-5.16,2.44
-5.11,2.44
-2.46,2.44
-2.36,2.44
-2.31,2.44
2.84,2.44
2.89,2.44
3.04,2.44
4.49,2.44
-6.76,2.49
-6.66,2.49
-6.61,2.49
-5.26,2.49
-5.16,2.49
-5.11,2.49
-2.46,2.49
-2.41,2.49
-2.36,2.49
-2.31,2.49
2.84,2.49
2.89,2.49
3.04,2.49
4.49,2.49
-6.66,2.54
-6.61,2.54
-5.26,2.54
-5.16,2.54
-5.11,2.54
-2.46,2.54
-2.36,2.54
-2.31,2.54
2.84,2.54
2.89,2.54
2.99,2.54
3.04,2.54
4.49,2.54
4.54,2.54
-6.66,2.59
-6.61,2.59
-5.26,2.59
-5.16,2.59
-5.11,2.59
-2.46,2.59
-2.36,2.59
-2.31,2.59
-0.76,2.59
-0.71,2.59
-0.66,2.59
-0.61,2.59
-0.56,2.59
-0.51,2.59
-0.46,2.59
-0.41,2.59
-0.36,2.59
-0.31,2.59
-0.26,2.59
-0.21,2.59
-0.16,2.59
-0.11,2.59
-0.0599999,2.59
-0.0099999,2.59
0.0400001,2.59
0.0900001,2.59
0.14,2.59
0.19,2.59
0.24,2.59
0.29,2.59
0.34,2.59
0.39,2.59
0.44,2.59
0.49,2.59
0.54,2.59
0.59,2.59
0.64,2.59
0.69,2.59
0.74,2.59
0.79,2.59
0.84,2.59
0.89,2.59
0.94,2.59
0.99,2.59
1.04,2.59
1.09,2.59
1.14,2.59
1.19,2.59
1.24,2.59
1.29,2.59
1.34,2.59
1.39,2.59
1.44,2.59
1.49,2.59
1.54,2.59
1.59,2.59
1.64,2.59
1.69,2.59
1.74,2.59
2.84,2.59
2.89,2.59
3.04,2.59
4.49,2.59
-6.66,2.64
-6.61,2.64
-5.26,2.64
-5.16,2.64
-5.11,2.64
-2.46,2.64
-2.36,2.64
-2.31,2.64
-0.76,2.64
-0.71,2.64
-0.66,2.64
-0.61,2.64
-0.56,2.64
-0.51,2.64
-0.46,2.64
-0.41,2.64
-0.36,2.64
-0.31,2.64
-0.26,2.64
-0.21,2.64
-0.16,2.64
-0.11,2.64
-0.0599999,2.64
-0.0099999,2.64
0.0400001,2.64
0.0900001,2.64
0.14,2.64
0.24,2.64
0.29,2.64
0.34,2.64
0.44,2.64
1.69,2.64
2.84,2.64
2.89,2.64
3.04,2.64
4.49,2.64
-6.76,2.69
-6.66,2.69
-6.61,2.69
-5.26,2.69
-5.21,2.69
-5.16,2.69
-5.11,2.69
-2.46,2.69
-2.36,2.69
-2.31,2.69
-0.81,2.69
-0.76,2.69
1.69,2.69
2.84,2.69
2.89,2.69
3.04,2.69
4.49,2.69
-6.66,2.74
-6.61,2.74
-5.26,2.74
-5.16,2.74
-5.11,2.74
-2.46,2.74
-2.36,2.74
-2.31,2.74
-0.76,2.74
-0.71,2.74
-0.66,2.74
-0.61,2.74
-0.56,2.74
-0.51,2.74
-0.46,2.74
-0.41,2.74
-0.36,2.74
-0.31,2.74
-0.26,2.74
-0.21,2.74
-0.16,2.74
-0.11,2.74
-0.0599999,2.74
-0.0099999,2.74
0.0400001,2.74
0.0900001,2.74
0.14,2.74
0.19,2.74
0.24,2.74
0.29,2.74
0.34,2.74
0.39,2.74
0.44,2.74
0.49,2.74
0.54,2.74
0.59,2.74
0.64,2.74
0.69,2.74
0.74,2.74
0.79,2.74
0.84,2.74
0.89,2.74
0.99,2.74
1.04,2.74
1.14,2.74
1.19,2.74
1.29,2.74
1.34,2.74
1.39,2.74
1.49,2.74
1.59,2.74
1.69,2.74
1.74,2.74
2.84,2.74
2.89,2.74
2.99,2.74
3.04,2.74
4.49,2.74
-6.66,2.79
-6.61,2.79
-5.26,2.79
-5.21,2.79
-5.11,2.79
-2.46,2.79
-2.41,2.79
-2.36,2.79
-2.31,2.79
-0.76,2.79
-0.71,2.79
-0.66,2.79
-0.61,2.79
-0.56,2.79
-0.51,2.79
-0.46,2.79
-0.36,2.79
-0.26,2.79
-0.11,2.79
1.54,2.79
1.59,2.79
1.69,2.79
2.84,2.79
2.89,2.79
2.99,2.79
3.04,2.79
4.49,2.79
-6.76,2.84
-6.66,2.84
-6.61,2.84
-5.26,2.84
-5.11,2.84
-2.46,2.84
-2.36,2.84
-2.31,2.84
1.54,2.84
1.59,2.84
1.69,2.84
1.74,2.84
2.89,2.84
3.04,2.84
4.49,2.84
-6.76,2.89
-6.71,2.89
-6.66,2.89
-6.61,2.89
-5.26,2.89
-5.16,2.89
-5.11,2.89
-2.46,2.89
-2.41,2.89
-2.36,2.89
-2.31,2.89
1.54,2.89
1.59,2.89
1.69,2.89
2.89,2.89
2.99,2.89
3.04,2.89
4.49,2.89
4.54,2.89
-6.76,2.94
-6.71,2.94
-6.66,2.94
-6.61,2.94
-5.26,2.94
-5.11,2.94
-2.46,2.94
-2.36,2.94
-2.31,2.94
1.59,2.94
1.69,2.94
2.89,2.94
2.99,2.94
3.04,2.94
4.49,2.94
4.54,2.94
-6.61,2.99
-5.26,2.99
-5.21,2.99
-5.11,2.99
-2.46,2.99
-2.36,2.99
-2.31,2.99
1.54,2.99
1.59,2.99
1.69,2.99
1.74,2.99
2.84,2.99
2.89,2.99
2.99,2.99
3.04,2.99
4.49,2.99
-5.26,3.04
-5.21,3.04
-5.11,3.04
-2.46,3.04
-2.36,3.04
-2.31,3.04
1.54,3.04
1.59,3.04
1.69,3.04
2.89,3.04
2.99,3.04
3.04,3.04
4.49,3.04
-5.26,3.09
-5.21,3.09
-5.11,3.09
-2.46,3.09
-2.41,3.09
-2.36,3.09
-2.31,3.09
1.54,3.09
1.59,3.09
1.69,3.09
2.89,3.09
2.99,3.09
3.04,3.09
4.49,3.09
-5.26,3.14
-5.11,3.14
-2.46,3.14
-2.36,3.14
-2.31,3.14
1.59,3.14
1.69,3.14
1.74,3.14
2.89,3.14
2.99,3.14
3.04,3.14
4.49,3.14
-5.26,3.19
-5.11,3.19
-2.46,3.19
-2.41,3.19
-2.36,3.19
-2.31,3.19
1.59,3.19
1.69,3.19
2.84,3.19
2.89,3.19
2.99,3.19
3.04,3.19
4.49,3.19
-5.26,3.24
-5.11,3.24
-2.46,3.24
-2.41,3.24
-2.36,3.24
-2.31,3.24
1.54,3.24
1.59,3.24
1.69,3.24
1.74,3.24
2.89,3.24
2.99,3.24
3.04,3.24
4.49,3.24
-5.26,3.29
-5.11,3.29
-2.46,3.29
-2.41,3.29
-2.36,3.29
-2.31,3.29
1.54,3.29
1.59,3.29
1.69,3.29
1.74,3.29
2.89,3.29
2.99,3.29
3.04,3.29
4.49,3.29
-5.26,3.34
-5.21,3.34
-5.11,3.34
-2.46,3.34
-2.36,3.34
-2.31,3.34
1.59,3.34
1.69,3.34
2.89,3.34
2.99,3.34
3.04,3.34
4.49,3.34
-5.26,3.39
-5.21,3.39
-5.11,3.39
-2.46,3.39
-2.41,3.39
-2.36,3.39
-2.31,3.39
1.59,3.39
1.69,3.39
1.74,3.39
2.89,3.39
2.99,3.39
3.04,3.39
4.49,3.39
-5.26,3.44
-5.11,3.44
-2.46,3.44
-2.41,3.44
-2.36,3.44
-2.31,3.44
1.59,3.44
1.69,3.44
1.74,3.44
2.89,3.44
2.99,3.44
3.04,3.44
4.49,3.44
-5.26,3.49
-5.11,3.49
-2.46,3.49
-2.41,3.49
-2.36,3.49
-2.31,3.49
1.59,3.49
1.69,3.49
1.74,3.49
2.89,3.49
2.99,3.49
3.04,3.49
4.49,3.49
-5.26,3.54
-5.21,3.54
-5.11,3.54
-2.46,3.54
-2.41,3.54
-2.36,3.54
-2.31,3.54
1.59,3.54
1.69,3.54
1.74,3.54
2.89,3.54
2.99,3.54
3.04,3.54
4.49,3.54
-5.26,3.59
-5.21,3.59
-5.11,3.59
-2.46,3.59
-2.36,3.59
-2.31,3.59
1.59,3.59
1.69,3.59
1.74,3.59
2.89,3.59
2.99,3.59
3.04,3.59
4.49,3.59
-5.26,3.64
-5.21,3.64
-5.11,3.64
-2.46,3.64
-2.41,3.64
-2.36,3.64
-2.31,3.64
1.59,3.64
1.69,3.64
2.89,3.64
2.99,3.64
3.04,3.64
4.49,3.64
-5.26,3.69
-5.21,3.69
-5.11,3.69
-2.46,3.69
-2.41,3.69
-2.36,3.69
-2.31,3.69
1.59,3.69
1.69,3.69
2.89,3.69
2.99,3.69
3.04,3.69
4.49,3.69
-5.26,3.74
-5.11,3.74
-2.46,3.74
-2.41,3.74
-2.36,3.74
-2.31,3.74
1.59,3.74
1.69,3.74
1.74,3.74
2.89,3.74
2.99,3.74
3.04,3.74
4.49,3.74
-5.26,3.79
-5.21,3.79
-5.11,3.79
-2.46,3.79
-2.41,3.79
-2.36,3.79
-2.31,3.79
1.59,3.79
1.69,3.79
2.89,3.79
2.99,3.79
3.04,3.79
4.49,3.79
-5.26,3.84
-5.21,3.84
-5.11,3.84
-2.46,3.84
-2.36,3.84
-2.31,3.84
1.54,3.84
1.59,3.84
1.69,3.84
2.89,3.84
2.99,3.84
3.04,3.84
4.49,3.84
-5.26,3.89
-5.21,3.89
-5.11,3.89
-2.46,3.89
-2.41,3.89
-2.36,3.89
-2.31,3.89
1.59,3.89
1.69,3.89
2.89,3.89
2.99,3.89
3.04,3.89
4.49,3.89
-5.26,3.94
-5.11,3.94
-2.46,3.94
-2.41,3.94
-2.36,3.94
-2.31,3.94
1.59,3.94
1.69,3.94
2.89,3.94
2.99,3.94
4.49,3.94
-5.26,3.99
-5.21,3.99
-5.16,3.99
-5.11,3.99
-2.46,3.99
-2.41,3.99
-2.36,3.99
-2.31,3.99
1.59,3.99
1.69,3.99
1.74,3.99
2.89,3.99
2.99,3.99
4.49,3.99
-2.46,4.04
-2.41,4.04
-2.36,4.04
-2.31,4.04
1.59,4.04
1.69,4.04
2.89,4.04
2.99,4.04
3.04,4.04
4.49,4.04
-2.46,4.09
-2.41,4.09
-2.36,4.09
-2.31,4.09
1.59,4.09
1.69,4.09
2.89,4.09
2.99,4.09
3.04,4.09
4.49,4.09
-2.46,4.14
-2.41,4.14
-2.36,4.14
-2.31,4.14
1.59,4.14
1.69,4.14
2.84,4.14
2.89,4.14
2.94,4.14
2.99,4.14
3.04,4.14
4.49,4.14
-2.46,4.19
-2.41,4.19
-2.31,4.19
1.59,4.19
1.69,4.19
2.89,4.19
2.94,4.19
2.99,4.19
4.49,4.19
-2.46,4.24
-2.41,4.24
-2.36,4.24
-2.31,4.24
1.59,4.24
1.69,4.24
4.49,4.24
-2.46,4.29
-2.41,4.29
-2.31,4.29
1.59,4.29
1.69,4.29
1.74,4.29
4.49,4.29
-2.46,4.34
-2.31,4.34
1.59,4.34
1.69,4.34
1.74,4.34
4.49,4.34
-2.46,4.39
-2.41,4.39
-2.31,4.39
1.59,4.39
1.69,4.39
1.74,4.39
4.49,4.39
-6.66,4.44
-6.61,4.44
-6.56,4.44
-6.51,4.44
-2.46,4.44
-2.41,4.44
-2.31,4.44
1.59,4.44
1.69,4.44
1.74,4.44
4.49,4.44
-6.66,4.49
-6.51,4.49
-2.46,4.49
-2.41,4.49
-2.31,4.49
1.59,4.49
1.69,4.49
4.49,4.49
-6.66,4.54
-6.51,4.54
-2.46,4.54
-2.41,4.54
-2.31,4.54
1.59,4.54
1.69,4.54
4.49,4.54
-6.66,4.59
-6.51,4.59
-2.46,4.59
-2.41,4.59
-2.31,4.59
1.59,4.59
1.69,4.59
1.74,4.59
4.49,4.59
-6.51,4.64
-2.46,4.64
-2.41,4.64
-2.31,4.64
1.59,4.64
1.69,4.64
4.49,4.64
-6.66,4.69
-6.51,4.69
-2.46,4.69
-2.41,4.69
-2.31,4.69
1.59,4.69
1.69,4.69
4.49,4.69
-6.51,4.74
-2.46,4.74
-2.41,4.74
-2.31,4.74
1.59,4.74
1.69,4.74
4.49,4.74
-6.66,4.79
-6.51,4.79
-2.46,4.79
-2.41,4.79
-2.31,4.79
1.59,4.79
1.69,4.79
4.49,4.79
-6.51,4.84
-2.46,4.84
-2.41,4.84
-2.31,4.84
1.59,4.84
1.69,4.84
4.49,4.84
4.54,4.84
-6.51,4.89
-2.46,4.89
-2.41,4.89
-2.31,4.89
1.59,4.89
1.69,4.89
4.49,4.89
-6.51,4.94
-2.46,4.94
-2.41,4.94
-2.31,4.94
0.84,4.94
1.59,4.94
1.69,4.94
1.74,4.94
1.79,4.94
1.84,4.94
1.89,4.94
1.94,4.94
1.99,4.94
2.04,4.94
2.09,4.94
2.14,4.94
2.19,4.94
2.24,4.94
2.29,4.94
2.34,4.94
2.39,4.94
2.44,4.94
2.49,4.94
2.54,4.94
2.59,4.94
2.64,4.94
2.69,4.94
2.74,4.94
2.79,4.94
2.84,4.94
2.89,4.94
2.94,4.94
2.99,4.94
3.04,4.94
3.09,4.94
3.14,4.94
3.19,4.94
3.24,4.94
3.29,4.94
3.34,4.94
3.39,4.94
3.44,4.94
3.49,4.94
3.54,4.94
3.59,4.94
3.64,4.94
3.69,4.94
3.74,4.94
3.79,4.94
3.84,4.94
3.89,4.94
3.94,4.94
3.99,4.94
4.04,4.94
4.09,4.94
4.14,4.94
4.19,4.94
4.24,4.94
4.29,4.94
4.34,4.94
4.39,4.94
4.44,4.94
4.49,4.94
-6.51,4.99
-3.71,4.99
-3.56,4.99
-3.51,4.99
-3.31,4.99
-3.26,4.99
-3.21,4.99
-3.16,4.99
-3.01,4.99
-2.96,4.99
-2.91,4.99
-2.86,4.99
-2.81,4.99
-2.76,4.99
-2.71,4.99
-2.66,4.99
-2.61,4.99
-2.56,4.99
-2.51,4.99
-2.46,4.99
-2.41,4.99
-2.31,4.99
-2.26,4.99
-2.21,4.99
-2.16,4.99
-2.11,4.99
-2.06,4.99
-2.01,4.99
-1.96,4.99
-1.91,4.99
-1.86,4.99
-1.81,4.99
-1.76,4.99
-1.71,4.99
-1.66,4.99
-1.61,4.99
-1.56,4.99
-1.51,4.99
-1.46,4.99
-1.41,4.99
-1.36,4.99
-1.31,4.99
-1.26,4.99
-1.21,4.99
-1.16,4.99
-1.11,4.99
-1.06,4.99
-1.01,4.99
-0.96,4.99
-0.91,4.99
-0.86,4.99
-0.81,4.99
-0.76,4.99
-0.71,4.99
-0.66,4.99
-0.61,4.99
-0.56,4.99
-0.51,4.99
-0.46,4.99
-0.41,4.99
-0.36,4.99
-0.31,4.99
-0.26,4.99
-0.21,4.99
-0.16,4.99
-0.11,4.99
-0.0599999,4.99
-0.0099999,4.99
0.0400001,4.99
0.0900001,4.99
0.14,4.99
0.19,4.99
0.24,4.99
0.29,4.99
0.34,4.99
0.39,4.99
0.44,4.99
0.49,4.99
0.54,4.99
0.59,4.99
0.64,4.99
0.69,4.99
0.74,4.99
0.79,4.99
0.84,4.99
0.89,4.99
0.94,4.99
0.99,4.99
1.04,4.99
1.09,4.99
1.14,4.99
1.19,4.99
1.24,4.99
1.29,4.99
1.34,4.99
1.44,4.99
1.49,4.99
1.54,4.99
1.59,4.99
1.79,4.99
1.84,4.99
1.99,4.99
2.19,4.99
2.49,4.99
2.59,4.99
2.64,4.99
2.69,4.99
2.74,4.99
2.84,4.99
2.89,4.99
2.94,4.99
2.99,4.99
3.04,4.99
3.09,4.99
3.14,4.99
3.19,4.99
3.24,4.99
3.29,4.99
3.34,4.99
3.39,4.99
3.44,4.99
3.49,4.99
3.54,4.99
3.59,4.99
3.64,4.99
3.69,4.99
3.74,4.99
3.79,4.99
3.84,4.99
3.89,4.99
3.94,4.99
3.99,4.99
4.04,4.99
4.09,4.99
4.14,4.99
4.19,4.99
4.24,4.99
4.29,4.99
4.34,4.99
4.39,4.99
4.44,4.99
4.49,4.99
-6.51,5.04
-6.46,5.04
-6.41,5.04
-6.36,5.04
-6.31,5.04
-6.26,5.04
-6.21,5.04
-6.16,5.04
-6.11,5.04
-6.06,5.04
-6.01,5.04
-5.96,5.04
-5.91,5.04
-5.86,5.04
-5.81,5.04
-5.76,5.04
-5.71,5.04
-5.66,5.04
-5.61,5.04
-5.56,5.04
-5.51,5.04
-5.46,5.04
-5.41,5.04
-5.36,5.04
-5.31,5.04
-5.26,5.04
-5.21,5.04
-5.16,5.04
-5.11,5.04
-5.06,5.04
-5.01,5.04
-4.96,5.04
-4.91,5.04
-4.86,5.04
-4.81,5.04
-4.76,5.04
-4.71,5.04
-4.66,5.04
-4.61,5.04
-4.56,5.04
-4.51,5.04
-4.46,5.04
-4.41,5.04
-4.36,5.04
-4.31,5.04
-4.26,5.04
-4.21,5.04
-4.16,5.04
-4.11,5.04
-4.06,5.04
-4.01,5.04
-3.96,5.04
-3.91,5.04
-3.86,5.04
-3.81,5.04
-3.76,5.04
-3.71,5.04
-3.66,5.04
-3.61,5.04
-3.56,5.04
-3.51,5.04
-3.46,5.04
-3.41,5.04
-3.36,5.04
-3.31,5.04
-3.26,5.04
-3.21,5.04
-3.16,5.04
-3.11,5.04
-3.06,5.04
-3.01,5.04
-2.96,5.04
-2.91,5.04
-2.86,5.04
-2.81,5.04
-2.76,5.04
-2.71,5.04
-2.66,5.04
-2.61,5.04
-2.56,5.04
-2.51,5.04
-2.46,5.04
-2.31,5.04
-2.26,5.04
-2.21,5.04
-2.11,5.04
-2.06,5.04
-2.01,5.04
-1.96,5.04
-1.91,5.04
-1.86,5.04
-1.81,5.04
-1.76,5.04
-1.71,5.04
-1.66,5.04
-1.61,5.04
-1.51,5.04
-1.46,5.04
-1.41,5.04
-1.36,5.04
-1.26,5.04
-6.46,5.09
-6.31,5.09
-5.96,5.09
-5.76,5.09
-5.56,5.09
